club,clubLabel,venue,venueLabel,coordinates,countryLabel
http://www.wikidata.org/entity/Q64884,Orange County SC,http://www.wikidata.org/entity/Q58215304,Championship Soccer Stadium,Point(-117.739335 33.67446),United States of America
http://www.wikidata.org/entity/Q111516,Phoenix Rising FC,http://www.wikidata.org/entity/Q7438198,Scottsdale Stadium,Point(-111.921111 33.488333),United States of America
http://www.wikidata.org/entity/Q111516,Phoenix Rising FC,http://www.wikidata.org/entity/Q12065608,Peoria Sports Complex,Point(-112.2332 33.6319),United States of America
http://www.wikidata.org/entity/Q111516,Phoenix Rising FC,http://www.wikidata.org/entity/Q29098113,Casino Arizona Field,Point(-111.90555556 33.4375),United States of America
http://www.wikidata.org/entity/Q111516,Phoenix Rising FC,http://www.wikidata.org/entity/Q106506352,Phoenix Rising Soccer Complex at Wild Horse Pass,Point(-111.978472222 33.270111111),United States of America
http://www.wikidata.org/entity/Q646135,New York Cosmos,http://www.wikidata.org/entity/Q375365,Giants Stadium,Point(-74.074433 40.813726),United States of America
http://www.wikidata.org/entity/Q1978470,Maccabi Los Angeles,http://www.wikidata.org/entity/Q3157405,Jackie Robinson Stadium,Point(-118.459306 34.059194),United States of America
http://www.wikidata.org/entity/Q670603,Chicago Sting,http://www.wikidata.org/entity/Q1132413,Soldier Field,Point(-87.616666666 41.8625),United States of America
http://www.wikidata.org/entity/Q1972199,Tampa Bay Rowdies,http://www.wikidata.org/entity/Q2095984,Tampa Stadium,Point(-82.503611111 27.978888888),United States of America
http://www.wikidata.org/entity/Q1942096,St. Louis Stars,http://www.wikidata.org/entity/Q1017286,Busch Memorial Stadium,Point(-90.1925 38.623888888),United States of America
http://www.wikidata.org/entity/Q1344827,Puerto Rico United,http://www.wikidata.org/entity/Q4694468,Aguada Stadium,Point(-67.197 18.378),United States of America
http://www.wikidata.org/entity/Q689874,Philadelphia Union,http://www.wikidata.org/entity/Q1637843,Subaru Park,Point(-75.378889 39.832222),United States of America
http://www.wikidata.org/entity/Q693512,Oakland Clippers,http://www.wikidata.org/entity/Q1147732,Oakland Coliseum,Point(-122.200555555 37.751666666),United States of America
http://www.wikidata.org/entity/Q1071986,Chicago Red Stars,http://www.wikidata.org/entity/Q999781,SeatGeek Stadium,Point(-87.806111111 41.764722222),United States of America
http://www.wikidata.org/entity/Q1393746,Orlando City SC,http://www.wikidata.org/entity/Q3046174,ESPN Wide World of Sports Complex,Point(-81.556 28.33708333),United States of America
http://www.wikidata.org/entity/Q1066683,Charleston Battery,http://www.wikidata.org/entity/Q2682757,Blackbaud Stadium,Point(-79.919766666 32.870888888),United States of America
http://www.wikidata.org/entity/Q1067178,Charlotte Eagles,http://www.wikidata.org/entity/Q6791495,Sportsplex at Matthews,Point(-80.6992 35.1106),United States of America
http://www.wikidata.org/entity/Q1563972,Los Angeles Lazers,http://www.wikidata.org/entity/Q639129,Kia Forum,Point(-118.342 33.95821),United States of America
http://www.wikidata.org/entity/Q201675,Wilmington Hammerheads FC,http://www.wikidata.org/entity/Q14708017,Legion Stadium,Point(-77.9381 34.2019),United States of America
http://www.wikidata.org/entity/Q1133753,Detroit Express,http://www.wikidata.org/entity/Q211662,Pontiac Silverdome,Point(-83.255 42.645833333),United States of America
http://www.wikidata.org/entity/Q1118392,Team America,http://www.wikidata.org/entity/Q153312,Robert F. Kennedy Memorial Stadium,Point(-76.971666666 38.889722222),United States of America
http://www.wikidata.org/entity/Q1190526,Washington Diplomats,http://www.wikidata.org/entity/Q153312,Robert F. Kennedy Memorial Stadium,Point(-76.971666666 38.889722222),United States of America
http://www.wikidata.org/entity/Q2225911,Colorado Caribous,http://www.wikidata.org/entity/Q1934586,Mile High Stadium,Point(-105.021666666 39.746111111),United States of America
http://www.wikidata.org/entity/Q204220,New York Red Bulls,http://www.wikidata.org/entity/Q761682,Red Bull Arena,Point(-74.150277777 40.736666666),United States of America
http://www.wikidata.org/entity/Q2273722,Tulsa Roughnecks,http://www.wikidata.org/entity/Q3486226,Skelly Field at H. A. Chapman Stadium,Point(-95.943888888 36.148611111),United States of America
http://www.wikidata.org/entity/Q2197684,San Diego Jaws,http://www.wikidata.org/entity/Q8210904,Aztec Bowl,Point(-117.074546 32.773811),United States of America
http://www.wikidata.org/entity/Q2197684,San Diego Jaws,http://www.wikidata.org/entity/Q8210904,Aztec Bowl,Point(-117.071111 32.775833),United States of America
http://www.wikidata.org/entity/Q1544590,Green Buffaloes F.C.,http://www.wikidata.org/entity/Q3150014,Independence Stadium,Point(-93.791944444 32.475555555),United States of America
http://www.wikidata.org/entity/Q1552687,Guam Shipyard,http://www.wikidata.org/entity/Q371013,Guam National Football Stadium,Point(144.77916667 13.50055556),United States of America
http://www.wikidata.org/entity/Q2190741,Baltimore Comets,http://www.wikidata.org/entity/Q2748739,Memorial Stadium,Point(-76.601388888 39.329444444),United States of America
http://www.wikidata.org/entity/Q2297160,Houston Hurricane,http://www.wikidata.org/entity/Q1025406,Astrodome,Point(-95.407777777 29.685),United States of America
http://www.wikidata.org/entity/Q615992,Mochudi Centre Chiefs,http://www.wikidata.org/entity/Q7894992,University at Buffalo Stadium,Point(-78.7775 42.999167),United States of America
http://www.wikidata.org/entity/Q204357,LA Galaxy,http://www.wikidata.org/entity/Q200684,Dignity Health Sports Park,Point(-118.261111111 33.864444444),United States of America
http://www.wikidata.org/entity/Q632511,Seattle Sounders FC,http://www.wikidata.org/entity/Q612736,Lumen Field,Point(-122.331666666 47.595277777),United States of America
http://www.wikidata.org/entity/Q289755,AC St. Louis,http://www.wikidata.org/entity/Q370446,World Wide Technology Soccer Park,Point(-90.438611 38.546667),United States of America
http://www.wikidata.org/entity/Q967344,Richmond Kickers Future,http://www.wikidata.org/entity/Q7579690,Sports Backers Stadium,Point(-77.4624 37.5699),United States of America
http://www.wikidata.org/entity/Q967345,San Francisco Bay Blackhawks,http://www.wikidata.org/entity/Q2165358,CEFCU Stadium,Point(-121.868333333 37.319722222),United States of America
http://www.wikidata.org/entity/Q2313851,Fort Lauderdale Strikers,http://www.wikidata.org/entity/Q1867553,Lockhart Stadium,Point(-80.161111111 26.193055555),United States of America
http://www.wikidata.org/entity/Q2280846,North Carolina Fusion U23,http://www.wikidata.org/entity/Q6724952,Macpherson Stadium,Point(-79.745 36.166667),United States of America
http://www.wikidata.org/entity/Q972741,Fort Lauderdale Strikers,http://www.wikidata.org/entity/Q1867553,Lockhart Stadium,Point(-80.161111111 26.193055555),United States of America
http://www.wikidata.org/entity/Q278416,Los Angeles Wolves,http://www.wikidata.org/entity/Q849784,Los Angeles Memorial Coliseum,Point(-118.287778 34.014167),United States of America
http://www.wikidata.org/entity/Q279311,Fall River Marksmen,http://www.wikidata.org/entity/Q6766374,Mark's Stadium,Point(-71.180061 41.6706),United States of America
http://www.wikidata.org/entity/Q281705,New York Pancyprian-Freedoms,http://www.wikidata.org/entity/Q4884689,Belson Stadium,Point(-73.792838 40.724307),United States of America
http://www.wikidata.org/entity/Q642291,FC Dallas,http://www.wikidata.org/entity/Q1140457,Toyota Stadium,Point(-96.835158333 33.154458333),United States of America
http://www.wikidata.org/entity/Q642408,Colorado Rapids,http://www.wikidata.org/entity/Q1210268,Dick's Sporting Goods Park,Point(-104.891944444 39.805555555),United States of America
http://www.wikidata.org/entity/Q642433,Chivas USA,http://www.wikidata.org/entity/Q200684,Dignity Health Sports Park,Point(-118.261111111 33.864444444),United States of America
http://www.wikidata.org/entity/Q2511604,Washington Whips,http://www.wikidata.org/entity/Q153312,Robert F. Kennedy Memorial Stadium,Point(-76.971666666 38.889722222),United States of America
http://www.wikidata.org/entity/Q2515602,Tornados,http://www.wikidata.org/entity/Q1140457,Toyota Stadium,Point(-96.835158333 33.154458333),United States of America
http://www.wikidata.org/entity/Q2017456,San Diego Sockers,http://www.wikidata.org/entity/Q956072,San Diego Stadium,Point(-117.119444444 32.783055555),United States of America
http://www.wikidata.org/entity/Q3493559,Pittsburgh Spirit,http://www.wikidata.org/entity/Q1237181,Civic Arena,Point(-79.99 40.441666666),United States of America
http://www.wikidata.org/entity/Q3480842,Sevilla FC Puerto Rico,http://www.wikidata.org/entity/Q1171030,Juan Ramón Loubriel Stadium,Point(-66.150833 18.393333),United States of America
http://www.wikidata.org/entity/Q3481510,Orlando Sharks,http://www.wikidata.org/entity/Q481794,Amway Arena,Point(-81.386666666 28.548888888),United States of America
http://www.wikidata.org/entity/Q3484924,Rochester Flash,http://www.wikidata.org/entity/Q5881204,Holleder Memorial Stadium,Point(-77.6575 43.19201),United States of America
http://www.wikidata.org/entity/Q3484924,Rochester Flash,http://www.wikidata.org/entity/Q5881204,Holleder Memorial Stadium,Point(-77.657 43.193),United States of America
http://www.wikidata.org/entity/Q2019465,Baltimore Bays,http://www.wikidata.org/entity/Q2748739,Memorial Stadium,Point(-76.601388888 39.329444444),United States of America
http://www.wikidata.org/entity/Q1002194,Virginia Beach Mariners,http://www.wikidata.org/entity/Q7934143,Virginia Beach Sportsplex,Point(-76.0935 36.7687),United States of America
http://www.wikidata.org/entity/Q771228,Penn FC,http://www.wikidata.org/entity/Q1935905,Skyline Sports Complex,Point(-76.891083 40.257467),United States of America
http://www.wikidata.org/entity/Q2046227,Pago Youth FC,http://www.wikidata.org/entity/Q1637931,Veterans Memorial Stadium,Point(-170.722222 -14.333611),United States of America
http://www.wikidata.org/entity/Q781046,Austin Aztex FC,http://www.wikidata.org/entity/Q1631374,House Park,Point(-97.7496 30.278),United States of America
http://www.wikidata.org/entity/Q1807751,New York Skyliners,http://www.wikidata.org/entity/Q675214,Yankee Stadium,Point(-73.928055555 40.826944444),United States of America
http://www.wikidata.org/entity/Q2056983,Seattle Storm,http://www.wikidata.org/entity/Q6588210,Memorial Stadium,Point(-122.349886 47.622811),United States of America
http://www.wikidata.org/entity/Q1224817,Puerto Rico Islanders,http://www.wikidata.org/entity/Q1171030,Juan Ramón Loubriel Stadium,Point(-66.150833 18.393333),United States of America
http://www.wikidata.org/entity/Q1542713,Minnesota Thunder,http://www.wikidata.org/entity/Q6588176,National Sports Center,Point(-93.225925 45.1575),United States of America
http://www.wikidata.org/entity/Q756203,Atlanta Silverbacks,http://www.wikidata.org/entity/Q756205,Atlanta Silverbacks Park,Point(-84.2484 33.885353),United States of America
http://www.wikidata.org/entity/Q391353,Real Salt Lake,http://www.wikidata.org/entity/Q1514798,America First Field,Point(-111.893 40.5829),United States of America
http://www.wikidata.org/entity/Q1784644,Richmond Kickers,http://www.wikidata.org/entity/Q5123443,City Stadium,Point(-77.4868 37.5497),United States of America
http://www.wikidata.org/entity/Q160057,Indiana Invaders,http://www.wikidata.org/entity/Q14688451,Indiana Invaders Soccer Complex,Point(-86.3498 41.6908),United States of America
http://www.wikidata.org/entity/Q5203389,D.C. United U-23,http://www.wikidata.org/entity/Q5302957,Maryland SoccerPlex,Point(-77.3101 39.1527),United States of America
http://www.wikidata.org/entity/Q5259675,Denver Avalanche,http://www.wikidata.org/entity/Q2081796,McNichols Sports Arena,Point(-105.0225 39.742777777),United States of America
http://www.wikidata.org/entity/Q5211411,Dallas Sidekicks,http://www.wikidata.org/entity/Q4731637,Allen Event Center,Point(-96.6576 33.1273),United States of America
http://www.wikidata.org/entity/Q1837357,Portland Timbers,http://www.wikidata.org/entity/Q262291,Providence Park,Point(-122.691666666 45.521388888),United States of America
http://www.wikidata.org/entity/Q1842584,Oakland Stompers,http://www.wikidata.org/entity/Q1147732,Oakland Coliseum,Point(-122.200555555 37.751666666),United States of America
http://www.wikidata.org/entity/Q5243532,Dayton Gemini,http://www.wikidata.org/entity/Q14716366,Baujan Field,Point(-84.1778 39.7381),United States of America
http://www.wikidata.org/entity/Q5243532,Dayton Gemini,http://www.wikidata.org/entity/Q14716366,Baujan Field,Point(-84.17744 39.73811),United States of America
http://www.wikidata.org/entity/Q5266043,Waza Flo,http://www.wikidata.org/entity/Q7690131,Taylor Sportsplex,Point(-83.2666 42.2092),United States of America
http://www.wikidata.org/entity/Q785360,Philadelphia KiXX,http://www.wikidata.org/entity/Q3237605,Liacouras Center,Point(-75.1586 39.9797),United States of America
http://www.wikidata.org/entity/Q771228,Penn FC,http://www.wikidata.org/entity/Q6824503,FNB Field,Point(-76.889977 40.256428),United States of America
http://www.wikidata.org/entity/Q771852,Kansas City Spurs,http://www.wikidata.org/entity/Q6936283,Municipal Stadium,Point(-94.556944444 39.085833333),United States of America
http://www.wikidata.org/entity/Q421009,Tampa Bay Mutiny,http://www.wikidata.org/entity/Q1141343,Raymond James Stadium,Point(-82.503333333 27.975833333),United States of America
http://www.wikidata.org/entity/Q944841,Los Angeles Sol,http://www.wikidata.org/entity/Q200684,Dignity Health Sports Park,Point(-118.261111111 33.864444444),United States of America
http://www.wikidata.org/entity/Q457163,Columbus Crew,http://www.wikidata.org/entity/Q65045869,Lower.com Field,Point(-83.01709 39.96846),United States of America
http://www.wikidata.org/entity/Q950526,Houston Stars,http://www.wikidata.org/entity/Q1025406,Astrodome,Point(-95.407777777 29.685),United States of America
http://www.wikidata.org/entity/Q953046,Minnesota United FC,http://www.wikidata.org/entity/Q6588176,National Sports Center,Point(-93.225925 45.1575),United States of America
http://www.wikidata.org/entity/Q1031200,Portland Timbers,http://www.wikidata.org/entity/Q262291,Providence Park,Point(-122.691666666 45.521388888),United States of America
http://www.wikidata.org/entity/Q956200,Seattle Sounders,http://www.wikidata.org/entity/Q6588210,Memorial Stadium,Point(-122.349886 47.622811),United States of America
http://www.wikidata.org/entity/Q1046445,Tampa Bay Rowdies,http://www.wikidata.org/entity/Q3101733,George M. Steinbrenner Field,Point(-82.506667 27.980278),United States of America
http://www.wikidata.org/entity/Q727111,Hollywood United F.C.,http://www.wikidata.org/entity/Q5188850,Crossroads School,Point(-118.473888888 34.024444444),United States of America
http://www.wikidata.org/entity/Q961300,Philadelphia Fury,http://www.wikidata.org/entity/Q1545870,Veterans Stadium,Point(-75.171111111 39.906666666),United States of America
http://www.wikidata.org/entity/Q576986,Cleveland City Stars,http://www.wikidata.org/entity/Q6841785,Middlefield Cheese Stadium,Point(-81.5239 41.4035),United States of America
http://www.wikidata.org/entity/Q1393746,Orlando City SC,http://www.wikidata.org/entity/Q199359,Camping World Stadium,Point(-81.402777777 28.539166666),United States of America
http://www.wikidata.org/entity/Q575370,San Jose Earthquakes,http://www.wikidata.org/entity/Q999392,Stevens Stadium,Point(-121.936667 37.350556),United States of America
http://www.wikidata.org/entity/Q2710159,New York Generals,http://www.wikidata.org/entity/Q675214,Yankee Stadium,Point(-73.928055555 40.826944444),United States of America
http://www.wikidata.org/entity/Q583671,Detroit Cougars,http://www.wikidata.org/entity/Q1750255,Tiger Stadium,Point(-83.068888888 42.331944444),United States of America
http://www.wikidata.org/entity/Q1044425,North Carolina FC,http://www.wikidata.org/entity/Q2540855,WakeMed Soccer Park,Point(-78.7551 35.7862),United States of America
http://www.wikidata.org/entity/Q594487,Real Maryland F.C.,http://www.wikidata.org/entity/Q7327870,Richard Montgomery High School,Point(-77.14583 39.078442),United States of America
http://www.wikidata.org/entity/Q2797432,Miami Toros,http://www.wikidata.org/entity/Q619512,Miami Orange Bowl,Point(-80.219808333 25.77805),United States of America
http://www.wikidata.org/entity/Q739468,Chicago Fire U-23,http://www.wikidata.org/entity/Q999781,SeatGeek Stadium,Point(-87.806111111 41.764722222),United States of America
http://www.wikidata.org/entity/Q599018,Club Atlético River Plate Puerto Rico,http://www.wikidata.org/entity/Q5400221,Estadio Francisco Montaner,Point(-66.631785 18.002422),United States of America
http://www.wikidata.org/entity/Q738987,Westchester Flames,http://www.wikidata.org/entity/Q5123355,City Park Stadium,Point(-73.7959 40.9302),United States of America
http://www.wikidata.org/entity/Q2751089,Washington Crossfire,http://www.wikidata.org/entity/Q7306122,Redmond High School,Point(-122.107 47.6953),United States of America
http://www.wikidata.org/entity/Q2751893,Nashville Metros,http://www.wikidata.org/entity/Q5322145,E. S. Rose Park,Point(-86.78297 36.142867),United States of America
http://www.wikidata.org/entity/Q2471899,Team Hawaii,http://www.wikidata.org/entity/Q1697292,Aloha Stadium,Point(-157.93 21.372777777),United States of America
http://www.wikidata.org/entity/Q2984383,Colorado Rapids Women,http://www.wikidata.org/entity/Q1210268,Dick's Sporting Goods Park,Point(-104.891944444 39.805555555),United States of America
http://www.wikidata.org/entity/Q2434492,Jacksonville Cyclones,http://www.wikidata.org/entity/Q6747845,Mandarin High School,Point(-81.584575 30.162835),United States of America
http://www.wikidata.org/entity/Q863473,New Orleans Jesters,http://www.wikidata.org/entity/Q7129615,Pan American Stadium,Point(-90.0879 29.9944),United States of America
http://www.wikidata.org/entity/Q860115,Long Island Rough Riders,http://www.wikidata.org/entity/Q15224404,Hofstra University Soccer Stadium,Point(-73.59866383 40.71848583),United States of America
http://www.wikidata.org/entity/Q176383,California Surf,http://www.wikidata.org/entity/Q531897,Angel Stadium of Anaheim,Point(-117.882777777 33.800277777),United States of America
http://www.wikidata.org/entity/Q2352114,San Francisco Golden Gate Gales,http://www.wikidata.org/entity/Q1033076,Candlestick Park,Point(-122.386111111 37.713611111),United States of America
http://www.wikidata.org/entity/Q2358722,Atlanta Chiefs,http://www.wikidata.org/entity/Q641243,Atlanta-Fulton County Stadium,Point(-84.38944444 33.73944444),United States of America
http://www.wikidata.org/entity/Q862647,Miami Fusion,http://www.wikidata.org/entity/Q1867553,Lockhart Stadium,Point(-80.161111111 26.193055555),United States of America
http://www.wikidata.org/entity/Q2391784,VSI Tampa Bay FC,http://www.wikidata.org/entity/Q7201469,Plant City Stadium,Point(-82.107911 27.99749),United States of America
http://www.wikidata.org/entity/Q2402335,Portland Timbers U23s,http://www.wikidata.org/entity/Q262291,Providence Park,Point(-122.691666666 45.521388888),United States of America
http://www.wikidata.org/entity/Q863492,Des Moines Menace,http://www.wikidata.org/entity/Q7912100,Valley High School,Point(-93.754 41.588),United States of America
http://www.wikidata.org/entity/Q2365092,New England Tea Men,http://www.wikidata.org/entity/Q339850,Foxboro Stadium,Point(-71.267441666 42.0927),United States of America
http://www.wikidata.org/entity/Q2091731,Seattle Sounders,http://www.wikidata.org/entity/Q7601833,Starfire Sports,Point(-122.248 47.4698),United States of America
http://www.wikidata.org/entity/Q187502,Boston Beacons,http://www.wikidata.org/entity/Q49136,Fenway Park,Point(-71.0975 42.346388888),United States of America
http://www.wikidata.org/entity/Q2869518,Atlético de San Juan FC,http://www.wikidata.org/entity/Q1369267,Hiram Bithorn Stadium,Point(-66.073055555 18.416666666),United States of America
http://www.wikidata.org/entity/Q3112722,Guaynabo Fluminense FC,http://www.wikidata.org/entity/Q16838808,"Estadio José ""Pepito"" Bonano",Point(-66.112368 18.374484),United States of America
http://www.wikidata.org/entity/Q570256,Pittsburgh Riverhounds SC,http://www.wikidata.org/entity/Q5759571,Highmark Stadium,Point(-80.009444 40.436111),United States of America
http://www.wikidata.org/entity/Q6483209,Lancaster Inferno,http://www.wikidata.org/entity/Q15223561,Hempfield High School,Point(-76.414 40.092),United States of America
http://www.wikidata.org/entity/Q6492592,Las Vegas Legends,http://www.wikidata.org/entity/Q3356467,Orleans Arena,Point(-115.202222 36.105833),United States of America
http://www.wikidata.org/entity/Q6492623,Las Vegas Quicksilvers,http://www.wikidata.org/entity/Q3470457,Sam Boyd Stadium,Point(-115.016666666 36.086388888),United States of America
http://www.wikidata.org/entity/Q3194805,New Orleans Storm,http://www.wikidata.org/entity/Q3575242,Shrine on Airline,Point(-90.199742 29.975442),United States of America
http://www.wikidata.org/entity/Q3148253,Detroit Ignition,http://www.wikidata.org/entity/Q2990924,Compuware Arena,Point(-83.506111 42.389167),United States of America
http://www.wikidata.org/entity/Q7170374,Persipasi Bekasi,http://www.wikidata.org/entity/Q7148029,Patriot Stadium,Point(-106.385 31.7715),United States of America
http://www.wikidata.org/entity/Q1771363,Philadelphia Atoms,http://www.wikidata.org/entity/Q1545870,Veterans Stadium,Point(-75.171111111 39.906666666),United States of America
http://www.wikidata.org/entity/Q3566764,Milwaukee Wave,http://www.wikidata.org/entity/Q1142808,UW–Milwaukee Panther Arena,Point(-87.916944444 43.042222222),United States of America
http://www.wikidata.org/entity/Q308683,Chicago Fire FC,http://www.wikidata.org/entity/Q1132413,Soldier Field,Point(-87.616666666 41.8625),United States of America
http://www.wikidata.org/entity/Q6492632,Las Vegas Seagulls,http://www.wikidata.org/entity/Q3470457,Sam Boyd Stadium,Point(-115.016666666 36.086388888),United States of America
http://www.wikidata.org/entity/Q6502565,Fort Lauderdale Strikers,http://www.wikidata.org/entity/Q1867553,Lockhart Stadium,Point(-80.161111111 26.193055555),United States of America
http://www.wikidata.org/entity/Q3499524,Pittsburgh Stingers,http://www.wikidata.org/entity/Q1237181,Civic Arena,Point(-79.99 40.441666666),United States of America
http://www.wikidata.org/entity/Q7186906,Phoenix Inferno,http://www.wikidata.org/entity/Q670890,Arizona Veterans Memorial Coliseum,Point(-112.096667 33.469444),United States of America
http://www.wikidata.org/entity/Q7199357,Pittsburgh Phantoms,http://www.wikidata.org/entity/Q1963954,Forbes Field,Point(-79.95255 40.44118),United States of America
http://www.wikidata.org/entity/Q7228033,Ponta Delgada S.C.,http://www.wikidata.org/entity/Q6766374,Mark's Stadium,Point(-71.180061 41.6706),United States of America
http://www.wikidata.org/entity/Q7232010,Portland Pride,http://www.wikidata.org/entity/Q549437,Veterans Memorial Coliseum,Point(-122.669444444 45.532222222),United States of America
http://www.wikidata.org/entity/Q6672726,Long Island Rough Riders,http://www.wikidata.org/entity/Q15224404,Hofstra University Soccer Stadium,Point(-73.59866383 40.71848583),United States of America
http://www.wikidata.org/entity/Q6682315,Los Angeles Rampage,http://www.wikidata.org/entity/Q3181431,John Elway Stadium,Point(-118.525 34.2597),United States of America
http://www.wikidata.org/entity/Q7300851,Real Boston Rams,http://www.wikidata.org/entity/Q25340014,Veterans Memorial Stadium,Point(-71.01 42.26111111),United States of America
http://www.wikidata.org/entity/Q7300983,Real Madrid,http://www.wikidata.org/entity/Q1171030,Juan Ramón Loubriel Stadium,Point(-66.150833 18.393333),United States of America
http://www.wikidata.org/entity/Q4637309,402 FC,http://www.wikidata.org/entity/Q6914048,Morrison Stadium,Point(-95.939398 41.264743),United States of America
http://www.wikidata.org/entity/Q7270261,Queen City FC,http://www.wikidata.org/entity/Q4727834,All-High Stadium,Point(-78.831007 42.943069),United States of America
http://www.wikidata.org/entity/Q7300584,Reading United A.C.,http://www.wikidata.org/entity/Q8023085,Wilson High School,Point(-76.0007 40.3311),United States of America
http://www.wikidata.org/entity/Q4650937,AC Crusaders,http://www.wikidata.org/entity/Q5347812,Egg Harbor Township High School,Point(-74.627937 39.393799),United States of America
http://www.wikidata.org/entity/Q4651443,AFC Cleveland,http://www.wikidata.org/entity/Q6016081,Independence High School,Point(-81.6489 41.3742),United States of America
http://www.wikidata.org/entity/Q5351270,El Farolito Soccer Club,http://www.wikidata.org/entity/Q4951677,Boxer Stadium,Point(-122.445 37.7258),United States of America
http://www.wikidata.org/entity/Q4699613,Ajax Orlando Prospects,http://www.wikidata.org/entity/Q7969141,Warden Stadium,Point(-81.4198 28.5188),United States of America
http://www.wikidata.org/entity/Q4701698,Akron Summit Assault,http://www.wikidata.org/entity/Q7592124,St. Vincent–St. Mary High School,Point(-81.5225 41.0886),United States of America
http://www.wikidata.org/entity/Q329812,Sporting Kansas City,http://www.wikidata.org/entity/Q431094,Legends Field,Point(-94.863611 39.124444),United States of America
http://www.wikidata.org/entity/Q329812,Sporting Kansas City,http://www.wikidata.org/entity/Q544553,GEHA Field at Arrowhead Stadium,Point(-94.483888888 39.048888888),United States of America
http://www.wikidata.org/entity/Q5471479,Fort Lauderdale Sun,http://www.wikidata.org/entity/Q1867553,Lockhart Stadium,Point(-80.161111111 26.193055555),United States of America
http://www.wikidata.org/entity/Q5472281,Fort Wayne Fever,http://www.wikidata.org/entity/Q5698260,Hefner Soccer Complex,Point(-85.1158 41.1194),United States of America
http://www.wikidata.org/entity/Q7232017,Portland Pythons,http://www.wikidata.org/entity/Q1347442,Moda Center,Point(-122.666666666 45.531666666),United States of America
http://www.wikidata.org/entity/Q7232056,Portland Timbers Reserves,http://www.wikidata.org/entity/Q262291,Providence Park,Point(-122.691666666 45.521388888),United States of America
http://www.wikidata.org/entity/Q7258679,Puerto Rico Capitals,http://www.wikidata.org/entity/Q7139677,Parque Yldefonso Solá Morales,Point(-66.0341835 18.2262229),United States of America
http://www.wikidata.org/entity/Q238593,D.C. United,http://www.wikidata.org/entity/Q5203387,Audi Field,Point(-77.012935 38.868504),United States of America
http://www.wikidata.org/entity/Q5514337,GPS Portland Phoenix,http://www.wikidata.org/entity/Q6815517,Memorial Stadium,Point(-70.3 43.6734),United States of America
http://www.wikidata.org/entity/Q5426293,FK Pacific,http://www.wikidata.org/entity/Q7601833,Starfire Sports,Point(-122.248 47.4698),United States of America
http://www.wikidata.org/entity/Q3827063,Laredo Heat,http://www.wikidata.org/entity/Q7707468,Texas A&M International University Soccer Complex,Point(-99.4318 27.5698),United States of America
http://www.wikidata.org/entity/Q3856892,Flint City Bucks,http://www.wikidata.org/entity/Q7880247,Ultimate Soccer Arenas,Point(-83.254167 42.621111),United States of America
http://www.wikidata.org/entity/Q1046445,Tampa Bay Rowdies,http://www.wikidata.org/entity/Q6087682,Al Lang Stadium,Point(-82.6331 27.7685),United States of America
http://www.wikidata.org/entity/Q5424857,FC Buffalo,http://www.wikidata.org/entity/Q4727834,All-High Stadium,Point(-78.831007 42.943069),United States of America
http://www.wikidata.org/entity/Q4816146,Atlanta Silverbacks U23's,http://www.wikidata.org/entity/Q756205,Atlanta Silverbacks Park,Point(-84.2484 33.885353),United States of America
http://www.wikidata.org/entity/Q4816149,Atlanta Silverbacks Reserves,http://www.wikidata.org/entity/Q756205,Atlanta Silverbacks Park,Point(-84.2484 33.885353),United States of America
http://www.wikidata.org/entity/Q4816337,Atlantic City Diablos,http://www.wikidata.org/entity/Q7587181,St. Augustine College Preparatory School,Point(-74.8731 39.5),United States of America
http://www.wikidata.org/entity/Q5416027,Evansville Crush,http://www.wikidata.org/entity/Q16632342,Metro Sports Center,Point(-87.48008 37.983535),United States of America
http://www.wikidata.org/entity/Q1026955,California Victory,http://www.wikidata.org/entity/Q4263361,Kezar Stadium,Point(-122.456111111 37.766944444),United States of America
http://www.wikidata.org/entity/Q328313,Houston Dynamo FC,http://www.wikidata.org/entity/Q176460,Shell Energy Stadium,Point(-95.3524 29.7522),United States of America
http://www.wikidata.org/entity/Q3946941,San Diego Flash,http://www.wikidata.org/entity/Q6872221,Mira Mesa Senior High School,Point(-117.141 32.9108),United States of America
http://www.wikidata.org/entity/Q3947135,San Francisco Seals,http://www.wikidata.org/entity/Q6987402,Negoesco Stadium,Point(-122.454 37.7765),United States of America
http://www.wikidata.org/entity/Q3966952,Spokane Shadow,http://www.wikidata.org/entity/Q6208317,Joe Albi Stadium,Point(-117.483 47.705),United States of America
http://www.wikidata.org/entity/Q3748480,Fort Wayne Fever,http://www.wikidata.org/entity/Q5698260,Hefner Soccer Complex,Point(-85.1158 41.1194),United States of America
http://www.wikidata.org/entity/Q3782921,Virginia Beach Piranhas,http://www.wikidata.org/entity/Q7934143,Virginia Beach Sportsplex,Point(-76.0935 36.7687),United States of America
http://www.wikidata.org/entity/Q5424985,FC JAX Destroyers,http://www.wikidata.org/entity/Q5203497,D. B. Milne Field,Point(-81.605682 30.356897),United States of America
http://www.wikidata.org/entity/Q5425036,FC Leones,http://www.wikidata.org/entity/Q5400221,Estadio Francisco Montaner,Point(-66.631785 18.002422),United States of America
http://www.wikidata.org/entity/Q1048757,El Paso Patriots,http://www.wikidata.org/entity/Q7148029,Patriot Stadium,Point(-106.385 31.7715),United States of America
http://www.wikidata.org/entity/Q1045202,Western Mass Pioneers,http://www.wikidata.org/entity/Q14715683,Lusitano Stadium,Point(-72.4699 42.1579),United States of America
http://www.wikidata.org/entity/Q4852784,Baltimore Blast,http://www.wikidata.org/entity/Q2739940,Baltimore Arena,Point(-76.618888888 39.288611111),United States of America
http://www.wikidata.org/entity/Q4852786,Baltimore Blast,http://www.wikidata.org/entity/Q2739940,Baltimore Arena,Point(-76.618888888 39.288611111),United States of America
http://www.wikidata.org/entity/Q4852786,Baltimore Blast,http://www.wikidata.org/entity/Q7801374,SECU Arena,Point(-76.6171 39.3874),United States of America
http://www.wikidata.org/entity/Q4852791,Baltimore Bohemians,http://www.wikidata.org/entity/Q18711544,Cedar Lane,Point(-77.5089 35.9847),United States of America
http://www.wikidata.org/entity/Q4946555,Borras Park Albion F.C.,http://www.wikidata.org/entity/Q5246445,Dean Road station,Point(-71.141547 42.337844),United States of America
http://www.wikidata.org/entity/Q1442028,San Antonio Scorpions,http://www.wikidata.org/entity/Q7830784,Toyota Field,Point(-98.394617 29.538908),United States of America
http://www.wikidata.org/entity/Q1446602,Milwaukee Rampage,http://www.wikidata.org/entity/Q7878061,Uihlein Soccer Park,Point(-87.998833333 43.146666666),United States of America
http://www.wikidata.org/entity/Q4820925,Augusta FireBall,http://www.wikidata.org/entity/Q7148068,Patriots Park,Point(-82.229356 33.521433),United States of America
http://www.wikidata.org/entity/Q4822977,Austin Aztex,http://www.wikidata.org/entity/Q1631374,House Park,Point(-97.7496 30.278),United States of America
http://www.wikidata.org/entity/Q4822980,Austin Aztex U23,http://www.wikidata.org/entity/Q7371123,Round Rock High School,Point(-97.6956 30.5092),United States of America
http://www.wikidata.org/entity/Q1053518,Dayton Dutch Lions,http://www.wikidata.org/entity/Q18149273,Dayton Outpatient Center Stadium,Point(-84.2307 39.6705),United States of America
http://www.wikidata.org/entity/Q16842120,Jacksonville Armada FC,http://www.wikidata.org/entity/Q2886675,121 Financial Ballpark,Point(-81.642576 30.325156),United States of America
http://www.wikidata.org/entity/Q16842237,Jersey Shore Boca,http://www.wikidata.org/entity/Q7075970,Ocean County College,Point(-74.1654 40.0099),United States of America
http://www.wikidata.org/entity/Q4009762,Ventura County Fusion,http://www.wikidata.org/entity/Q7920365,Ventura College,Point(-119.232 34.2776),United States of America
http://www.wikidata.org/entity/Q4019106,West Virginia Chaos,http://www.wikidata.org/entity/Q7431948,Schoenbaum Stadium,Point(-81.581869444 38.39465),United States of America
http://www.wikidata.org/entity/Q5425158,FC Sonic Lehigh Valley,http://www.wikidata.org/entity/Q6104831,J. Birney Crum Stadium,Point(-75.5016 40.5961),United States of America
http://www.wikidata.org/entity/Q5425160,Michigan Stars FC,http://www.wikidata.org/entity/Q8027676,Wisner Stadium,Point(-83.3068 42.6483),United States of America
http://www.wikidata.org/entity/Q5425205,FC Tucson,http://www.wikidata.org/entity/Q3197185,Kino Veterans Memorial Stadium,Point(-110.933367 32.176675),United States of America
http://www.wikidata.org/entity/Q5008870,CASL Elite,http://www.wikidata.org/entity/Q2540855,WakeMed Soccer Park,Point(-78.7551 35.7862),United States of America
http://www.wikidata.org/entity/Q16841095,IFC Wild Bills,http://www.wikidata.org/entity/Q1356082,Oleai Sports Complex,Point(145.70974722 15.163775),United States of America
http://www.wikidata.org/entity/Q16841184,Indiana Blast,http://www.wikidata.org/entity/Q6445111,Kuntz Memorial Soccer Stadium,Point(-86.189185 39.790175),United States of America
http://www.wikidata.org/entity/Q16841194,Indios USA,http://www.wikidata.org/entity/Q5034127,Canutillo Stadium,Point(-106.5865 31.8968),United States of America
http://www.wikidata.org/entity/Q3633143,Bakersfield Brigade,http://www.wikidata.org/entity/Q4849282,Bakersfield Christian High School,Point(-119.133 35.35),United States of America
http://www.wikidata.org/entity/Q3636209,Baton Rouge Capitals,http://www.wikidata.org/entity/Q5109855,Christian Life Academy,Point(-91.1309 30.3971),United States of America
http://www.wikidata.org/entity/Q3683619,Colorado Rapids U-23,http://www.wikidata.org/entity/Q1210268,Dick's Sporting Goods Park,Point(-104.891944444 39.805555555),United States of America
http://www.wikidata.org/entity/Q3702130,NJ-LUSO Rangers FC,http://www.wikidata.org/entity/Q6913638,Morris Catholic High School,Point(-74.4906 40.9056),United States of America
http://www.wikidata.org/entity/Q4873901,Bay Area Ambassadors,http://www.wikidata.org/entity/Q5066011,Chabot College,Point(-122.106 37.6418),United States of America
http://www.wikidata.org/entity/Q1447181,NJ/NY Gotham FC,http://www.wikidata.org/entity/Q761682,Red Bull Arena,Point(-74.150277777 40.736666666),United States of America
http://www.wikidata.org/entity/Q16843020,Laredo Honey Badgers,http://www.wikidata.org/entity/Q6488887,Laredo Energy Arena,Point(-99.4527 27.5583),United States of America
http://www.wikidata.org/entity/Q3656776,Cape Cod Crusaders,http://www.wikidata.org/entity/Q6784318,Massachusetts Maritime Academy,Point(-70.6242 41.7397),United States of America
http://www.wikidata.org/entity/Q3664493,Central Coast Roadrunners,http://www.wikidata.org/entity/Q4717024,Alex G. Spanos Stadium,Point(-120.665 35.298333),United States of America
http://www.wikidata.org/entity/Q3664500,Orlando City U-23,http://www.wikidata.org/entity/Q7449534,Seminole Soccer Complex,Point(-81.3885 28.7946),United States of America
http://www.wikidata.org/entity/Q5946332,Huracán FC de Caguas,http://www.wikidata.org/entity/Q7139677,Parque Yldefonso Solá Morales,Point(-66.0341835 18.2262229),United States of America
http://www.wikidata.org/entity/Q4117750,Mayagüez FC,http://www.wikidata.org/entity/Q6796783,Mayagüez Athletics Stadium,Point(-67.155794 18.191086),United States of America
http://www.wikidata.org/entity/Q5916594,Houston Hotshots,http://www.wikidata.org/entity/Q2435324,Lakewood Church Central Campus,Point(-95.435 29.730277777),United States of America
http://www.wikidata.org/entity/Q5425206,FC Tulsa,http://www.wikidata.org/entity/Q6815457,Memorial High School,Point(-95.9137 36.0791),United States of America
http://www.wikidata.org/entity/Q5426060,FK Behar,http://www.wikidata.org/entity/Q7601833,Starfire Sports,Point(-122.248 47.4698),United States of America
http://www.wikidata.org/entity/Q16845817,Nevada Wonders,http://www.wikidata.org/entity/Q5046938,Carson High School,Point(-119.748874 39.169032),United States of America
http://www.wikidata.org/entity/Q16845909,New York Centaurs,http://www.wikidata.org/entity/Q5303202,Downing Stadium,Point(-73.924167 40.793889),United States of America
http://www.wikidata.org/entity/Q16846305,Northern Arizona Prospectors,http://www.wikidata.org/entity/Q4955115,Bradshaw Mountain High School,Point(-112.346 34.5987),United States of America
http://www.wikidata.org/entity/Q16847448,Pennsylvania Roar,http://www.wikidata.org/entity/Q1521556,Sovereign Center,Point(-75.923 40.3348),United States of America
http://www.wikidata.org/entity/Q16847621,Phoenix FC,http://www.wikidata.org/entity/Q7638266,Sun Devil Soccer Stadium,Point(-111.932 33.425),United States of America
http://www.wikidata.org/entity/Q6059357,PanSa East F.C.,http://www.wikidata.org/entity/Q1637931,Veterans Memorial Stadium,Point(-170.722222 -14.333611),United States of America
http://www.wikidata.org/entity/Q16844931,Inter Miami CF,http://www.wikidata.org/entity/Q17018920,Miami Freedom Park,Point(-80.20555556 25.78055556),United States of America
http://www.wikidata.org/entity/Q3526066,San Antonio Thunder,http://www.wikidata.org/entity/Q4705979,Alamo Stadium,Point(-98.479031 29.462764),United States of America
http://www.wikidata.org/entity/Q3526066,San Antonio Thunder,http://www.wikidata.org/entity/Q4705979,Alamo Stadium,Point(-98.47786241 29.46280493),United States of America
http://www.wikidata.org/entity/Q3532341,Tornados de Humacao,http://www.wikidata.org/entity/Q6998018,Nestor Morales Stadium,Point(-65.8357 18.1498),United States of America
http://www.wikidata.org/entity/Q7335236,Rio Grande Valley Flash,http://www.wikidata.org/entity/Q1968734,Payne Arena,Point(-98.2467 26.1239),United States of America
http://www.wikidata.org/entity/Q7353996,Rochester Lancers,http://www.wikidata.org/entity/Q885674,Blue Cross Arena,Point(-77.610833333 43.153888888),United States of America
http://www.wikidata.org/entity/Q8355144,Detroit City FC,http://www.wikidata.org/entity/Q22095860,Keyworth Stadium,Point(-83.0489 42.3924),United States of America
http://www.wikidata.org/entity/Q1133687,Minnesota Kicks,http://www.wikidata.org/entity/Q1415967,Metropolitan Stadium,Point(-93.241944444 44.854444444),United States of America
http://www.wikidata.org/entity/Q7907553,VSI Tampa Bay FC,http://www.wikidata.org/entity/Q7201469,Plant City Stadium,Point(-82.107911 27.99749),United States of America
http://www.wikidata.org/entity/Q329812,Sporting Kansas City,http://www.wikidata.org/entity/Q1787141,Children's Mercy Park,Point(-94.8237 39.1218),United States of America
http://www.wikidata.org/entity/Q7663057,Syracuse Salty Dogs,http://www.wikidata.org/entity/Q2837990,Alliance Bank Stadium,Point(-76.165358 43.079078),United States of America
http://www.wikidata.org/entity/Q7663060,Utica City FC,http://www.wikidata.org/entity/Q3566224,Oncenter War Memorial Arena,Point(-76.148333 43.044722),United States of America
http://www.wikidata.org/entity/Q7674018,Tacoma Stars,http://www.wikidata.org/entity/Q2279678,ShoWare Center,Point(-122.24 47.3883),United States of America
http://www.wikidata.org/entity/Q3566335,Greek American AA,http://www.wikidata.org/entity/Q6825173,Metropolitan Oval,Point(-73.9065 40.7146),United States of America
http://www.wikidata.org/entity/Q3566335,Greek American AA,http://www.wikidata.org/entity/Q6825173,Metropolitan Oval,Point(-73.86 40.83833),United States of America
http://www.wikidata.org/entity/Q7814187,Toledo Slayers,http://www.wikidata.org/entity/Q6696128,Lucas County Recreation Center,Point(-83.6435 41.5858),United States of America
http://www.wikidata.org/entity/Q7851152,Tucson Extreme,http://www.wikidata.org/entity/Q7851149,Tucson Convention Center,Point(-110.974 32.2183),United States of America
http://www.wikidata.org/entity/Q7396991,Sacramento Knights,http://www.wikidata.org/entity/Q93831,ARCO Arena,Point(-121.518055555 38.649166666),United States of America
http://www.wikidata.org/entity/Q7414033,San Francisco Fog,http://www.wikidata.org/entity/Q604015,Cow Palace,Point(-122.418611111 37.706666666),United States of America
http://www.wikidata.org/entity/Q7414453,San Jose Grizzlies,http://www.wikidata.org/entity/Q261863,SAP Center,Point(-121.901111111 37.332777777),United States of America
http://www.wikidata.org/entity/Q1133701,Boston Minutemen,http://www.wikidata.org/entity/Q598070,Alumni Stadium,Point(-71.166388888 42.335),United States of America
http://www.wikidata.org/entity/Q1133759,Chicago Mustangs,http://www.wikidata.org/entity/Q1114772,Comiskey Park,Point(-87.633611111 41.831666666),United States of America
http://www.wikidata.org/entity/Q1134115,San Diego Toros,http://www.wikidata.org/entity/Q4850213,Balboa Stadium,Point(-117.150555555 32.720833333),United States of America
http://www.wikidata.org/entity/Q1134121,Cleveland Stokers,http://www.wikidata.org/entity/Q2113078,Cleveland Stadium,Point(-81.699722222 41.505833333),United States of America
http://www.wikidata.org/entity/Q6184846,Jersey Express S.C.,http://www.wikidata.org/entity/Q5362972,Elizabeth High School,Point(-74.21391 40.660085),United States of America
http://www.wikidata.org/entity/Q7082139,Rayo OKC,http://www.wikidata.org/entity/Q8060827,Yukon High School,Point(-97.7589 35.5006),United States of America
http://www.wikidata.org/entity/Q7089422,Omaha Flames,http://www.wikidata.org/entity/Q4700018,Ak-Sar-Ben,Point(-96.0125 41.23972222),United States of America
http://www.wikidata.org/entity/Q7089469,Omaha Vipers,http://www.wikidata.org/entity/Q7089414,Omaha Civic Auditorium,Point(-95.94 41.261667),United States of America
http://www.wikidata.org/entity/Q6019485,Missouri Comets,http://www.wikidata.org/entity/Q6016039,Independence Events Center,Point(-94.35756 39.039128),United States of America
http://www.wikidata.org/entity/Q6023080,Indiana Blaze,http://www.wikidata.org/entity/Q6445111,Kuntz Memorial Soccer Stadium,Point(-86.189185 39.790175),United States of America
http://www.wikidata.org/entity/Q6023905,Indy Eleven,http://www.wikidata.org/entity/Q5975448,IU Michael A. Carroll Track & Soccer Stadium,Point(-86.1779 39.7711),United States of America
http://www.wikidata.org/entity/Q9201193,New York Arrows,http://www.wikidata.org/entity/Q1048921,Nassau Veterans Memorial Coliseum,Point(-73.590555555 40.722777777),United States of America
http://www.wikidata.org/entity/Q9201578,Wichita Wings,http://www.wikidata.org/entity/Q6364938,Kansas Coliseum,Point(-97.321205 37.83609),United States of America
http://www.wikidata.org/entity/Q9202604,Dallas Sidekicks (1984–2004),http://www.wikidata.org/entity/Q1859962,Reunion Arena,Point(-96.808055555 32.772777777),United States of America
http://www.wikidata.org/entity/Q7708101,Texas Strikers,http://www.wikidata.org/entity/Q5467651,Ford Arena,Point(-94.18 30.0108),United States of America
http://www.wikidata.org/entity/Q1138386,Portland Timbers,http://www.wikidata.org/entity/Q262291,Providence Park,Point(-122.691666666 45.521388888),United States of America
http://www.wikidata.org/entity/Q1132352,Jacksonville Tea Men,http://www.wikidata.org/entity/Q5527471,Gator Bowl Stadium,Point(-81.636944444 30.324166666),United States of America
http://www.wikidata.org/entity/Q18148271,Charlotte Independence,http://www.wikidata.org/entity/Q6791495,Sportsplex at Matthews,Point(-80.6992 35.1106),United States of America
http://www.wikidata.org/entity/Q18148709,Harrisburg Heat,http://www.wikidata.org/entity/Q2069133,Pennsylvania Farm Show Complex & Expo Center,Point(-76.878781 40.276502),United States of America
http://www.wikidata.org/entity/Q18150867,FC SKBC,http://www.wikidata.org/entity/Q16585333,Pago Park Soccer Stadium,Point(-170.701 -14.2718),United States of America
http://www.wikidata.org/entity/Q7129917,Panama City Beach Pirates,http://www.wikidata.org/entity/Q4795085,Arnold High School,Point(-85.827636 30.190305),United States of America
http://www.wikidata.org/entity/Q7164209,Pennsylvania Stoners,http://www.wikidata.org/entity/Q7995992,Whitehall High School,Point(-75.5041 40.6481),United States of America
http://www.wikidata.org/entity/Q7971869,Washington Freedom Futures,http://www.wikidata.org/entity/Q5302957,Maryland SoccerPlex,Point(-77.3101 39.1527),United States of America
http://www.wikidata.org/entity/Q7986660,West Texas Sockers,http://www.wikidata.org/entity/Q5595309,Astound Broadband Stadium,Point(-102.1522 31.9884),United States of America
http://www.wikidata.org/entity/Q7998177,Wichita Wings,http://www.wikidata.org/entity/Q5674981,Hartman Arena,Point(-97.33 37.831),United States of America
http://www.wikidata.org/entity/Q8034190,Worcester Hydra,http://www.wikidata.org/entity/Q5152415,Commerce Bank Field at Foley Stadium,Point(-71.823619 42.262928),United States of America
http://www.wikidata.org/entity/Q1156317,Los Angeles Aztecs,http://www.wikidata.org/entity/Q2555922,Weingart Stadium,Point(-118.152 34.0429),United States of America
http://www.wikidata.org/entity/Q3753111,Fresno Fuego,http://www.wikidata.org/entity/Q2967628,Chukchansi Park,Point(-119.7905 36.7321),United States of America
http://www.wikidata.org/entity/Q9207609,Pensacola Flyers,http://www.wikidata.org/entity/Q7164684,Pensacola Civic Center,Point(-87.209372 30.416485),United States of America
http://www.wikidata.org/entity/Q1158012,Dallas Tornado,http://www.wikidata.org/entity/Q1136764,Cotton Bowl,Point(-96.759722222 32.779722222),United States of America
http://www.wikidata.org/entity/Q4712805,Albuquerque Asylum,http://www.wikidata.org/entity/Q6816507,Menaul School,Point(-106.637 35.1111),United States of America
http://www.wikidata.org/entity/Q7122072,Pachuca Puerto Rico,http://www.wikidata.org/entity/Q6998018,Nestor Morales Stadium,Point(-65.8357 18.1498),United States of America
http://www.wikidata.org/entity/Q7050007,NorCal Lamorinda United SC,http://www.wikidata.org/entity/Q6872750,Miramonte High School,Point(-122.146077 37.840482),United States of America
http://www.wikidata.org/entity/Q7051097,Norfolk SharX,http://www.wikidata.org/entity/Q1131230,Norfolk Scope,Point(-76.2867 36.8533),United States of America
http://www.wikidata.org/entity/Q7055743,North Jersey Valkyries,http://www.wikidata.org/entity/Q5244032,DePaul Catholic High School,Point(-74.2439 40.9578),United States of America
http://www.wikidata.org/entity/Q7056791,North Sound SeaWolves,http://www.wikidata.org/entity/Q6088107,Issaquah High School,Point(-122.029 47.5223),United States of America
http://www.wikidata.org/entity/Q10315085,Laraza VI Soccer Club,http://www.wikidata.org/entity/Q1354838,Lionel Roberts Park,Point(-64.92754444 18.34462778),United States of America
http://www.wikidata.org/entity/Q7851172,Tucson Tiburons,http://www.wikidata.org/entity/Q6925365,Mountain View High School,Point(-111.049 32.38),United States of America
http://www.wikidata.org/entity/Q7852323,Tulsa Athletics,http://www.wikidata.org/entity/Q5307567,Drillers Stadium,Point(-95.923667 36.139647),United States of America
http://www.wikidata.org/entity/Q7852358,Tulsa Revolution,http://www.wikidata.org/entity/Q3541988,Cox Business Center,Point(-95.997222 36.148889),United States of America
http://www.wikidata.org/entity/Q5132115,Cleveland Crunch,http://www.wikidata.org/entity/Q2982682,Coliseum at Richfield,Point(-81.593888888 41.245277777),United States of America
http://www.wikidata.org/entity/Q4558657,Virginia Cavalry FC,http://www.wikidata.org/entity/Q4851179,BallPark at One Loudoun,Point(-77.455556 39.053333),United States of America
http://www.wikidata.org/entity/Q5883001,Hollywood United Hitmen,http://www.wikidata.org/entity/Q1139606,Crenshaw High School,Point(-118.329 33.9969),United States of America
http://www.wikidata.org/entity/Q7103193,Orlando Sundogs,http://www.wikidata.org/entity/Q199359,Camping World Stadium,Point(-81.402777777 28.539166666),United States of America
http://www.wikidata.org/entity/Q9212715,New Jersey Blaze,http://www.wikidata.org/entity/Q16632689,Rowland Park,Point(-74.5456 40.3472),United States of America
http://www.wikidata.org/entity/Q9213611,Boston Victory S.C.,http://www.wikidata.org/entity/Q25340014,Veterans Memorial Stadium,Point(-71.01 42.26111111),United States of America
http://www.wikidata.org/entity/Q10967347,California Jaguars,http://www.wikidata.org/entity/Q7404661,Salinas Sports Complex,Point(-121.652 36.6942),United States of America
http://www.wikidata.org/entity/Q4936094,Boca Juniors-Carolina,http://www.wikidata.org/entity/Q7351649,Roberto Clemente Stadium,Point(-65.949167 18.376667),United States of America
http://www.wikidata.org/entity/Q4948067,Boston Rovers,http://www.wikidata.org/entity/Q6750857,Manning Bowl,Point(-70.9541 42.4751),United States of America
http://www.wikidata.org/entity/Q7589555,St. Louis Ambush,http://www.wikidata.org/entity/Q3495282,St. Louis Arena,Point(-90.282777777 38.629166666),United States of America
http://www.wikidata.org/entity/Q7589703,St. Louis Steamers,http://www.wikidata.org/entity/Q3495282,St. Louis Arena,Point(-90.282777777 38.629166666),United States of America
http://www.wikidata.org/entity/Q7589704,St. Louis Steamers,http://www.wikidata.org/entity/Q1067700,Enterprise Center,Point(-90.2025 38.626667),United States of America
http://www.wikidata.org/entity/Q7589708,St. Louis Strikers,http://www.wikidata.org/entity/Q370446,World Wide Technology Soccer Park,Point(-90.438611 38.546667),United States of America
http://www.wikidata.org/entity/Q5148830,Colorado Lightning,http://www.wikidata.org/entity/Q1001597,Budweiser Events Center,Point(-104.989444 40.443889),United States of America
http://www.wikidata.org/entity/Q5148918,Colorado Springs Blizzard,http://www.wikidata.org/entity/Q18157770,Switchbacks Training Stadium,Point(-104.711 38.8958),United States of America
http://www.wikidata.org/entity/Q5148919,Colorado Springs Ascent,http://www.wikidata.org/entity/Q18157770,Switchbacks Training Stadium,Point(-104.711 38.8958),United States of America
http://www.wikidata.org/entity/Q5149706,Columbia Heat,http://www.wikidata.org/entity/Q5407196,Eugene E. Stone III Stadium,Point(-81.025 33.9877),United States of America
http://www.wikidata.org/entity/Q5150112,Columbus Shooting Stars,http://www.wikidata.org/entity/Q1112858,Historic Crew Stadium,Point(-82.991111111 40.009444444),United States of America
http://www.wikidata.org/entity/Q5161487,Connecticut Bicentennials,http://www.wikidata.org/entity/Q1535796,Yale Bowl,Point(-72.960556 41.313056),United States of America
http://www.wikidata.org/entity/Q5161651,Connecticut Yankees,http://www.wikidata.org/entity/Q5276946,Trinity Health Stadium,Point(-72.661061 41.753783),United States of America
http://www.wikidata.org/entity/Q13361030,New York City FC,http://www.wikidata.org/entity/Q753529,Yankee Stadium,Point(-73.926392 40.829569),United States of America
http://www.wikidata.org/entity/Q7075961,Ocean City Nor'easters,http://www.wikidata.org/entity/Q5039218,Carey Stadium,Point(-74.5663 39.279),United States of America
http://www.wikidata.org/entity/Q7079938,Ogden Outlaws,http://www.wikidata.org/entity/Q4942246,Bonneville High School,Point(-111.975 41.175),United States of America
http://www.wikidata.org/entity/Q4974864,Brooklyn Italians,http://www.wikidata.org/entity/Q6229310,John Dewey High School,Point(-73.9592 40.6207),United States of America
http://www.wikidata.org/entity/Q4974869,Brooklyn Knights,http://www.wikidata.org/entity/Q6825173,Metropolitan Oval,Point(-73.9065 40.7146),United States of America
http://www.wikidata.org/entity/Q4974869,Brooklyn Knights,http://www.wikidata.org/entity/Q6825173,Metropolitan Oval,Point(-73.86 40.83833),United States of America
http://www.wikidata.org/entity/Q4985695,Buffalo City FC,http://www.wikidata.org/entity/Q7026574,Nichols School,Point(-78.857666 42.942025),United States of America
http://www.wikidata.org/entity/Q15256873,OKC Energy FC,http://www.wikidata.org/entity/Q7675049,Taft Stadium,Point(-97.5669 35.4958),United States of America
http://www.wikidata.org/entity/Q13405481,New York Cosmos,http://www.wikidata.org/entity/Q6715011,Maimonides Park,Point(-73.984166666 40.574444444),United States of America
http://www.wikidata.org/entity/Q19866559,New York Cosmos B,http://www.wikidata.org/entity/Q6881055,Mitchel Athletic Complex,Point(-73.597222222 40.724),United States of America
http://www.wikidata.org/entity/Q19867181,Dayton Dutch Lions WFC,http://www.wikidata.org/entity/Q18149273,Dayton Outpatient Center Stadium,Point(-84.2307 39.6705),United States of America
http://www.wikidata.org/entity/Q19867435,Youngstown Nighthawks,http://www.wikidata.org/entity/Q5178958,Covelli Centre,Point(-80.6468 41.0977),United States of America
http://www.wikidata.org/entity/Q19878051,St. Louis Scott Gallagher Soccer Club,http://www.wikidata.org/entity/Q370446,World Wide Technology Soccer Park,Point(-90.438611 38.546667),United States of America
http://www.wikidata.org/entity/Q2841062,Los Angeles Salsa,http://www.wikidata.org/entity/Q6587494,Titan Stadium,Point(-117.887 33.8866),United States of America
http://www.wikidata.org/entity/Q2892205,Bayamón FC,http://www.wikidata.org/entity/Q1171030,Juan Ramón Loubriel Stadium,Point(-66.150833 18.393333),United States of America
http://www.wikidata.org/entity/Q13586562,Denver Dynamos,http://www.wikidata.org/entity/Q1934586,Mile High Stadium,Point(-105.021666666 39.746111111),United States of America
http://www.wikidata.org/entity/Q13858732,Minnesota Strikers,http://www.wikidata.org/entity/Q1072186,Hubert H. Humphrey Metrodome,Point(-93.258055555 44.973888888),United States of America
http://www.wikidata.org/entity/Q15303416,Houston Dash,http://www.wikidata.org/entity/Q176460,Shell Energy Stadium,Point(-95.3524 29.7522),United States of America
http://www.wikidata.org/entity/Q1164520,F.C. New York,http://www.wikidata.org/entity/Q4884689,Belson Stadium,Point(-73.792838 40.724307),United States of America
http://www.wikidata.org/entity/Q38221432,Las Vegas Lights FC,http://www.wikidata.org/entity/Q2941022,Cashman Field,Point(-115.129972222 36.179666666),United States of America
http://www.wikidata.org/entity/Q38806145,San Diego 1904 FC,http://www.wikidata.org/entity/Q7825672,Torero Stadium,Point(-117.1837 32.7731),United States of America
http://www.wikidata.org/entity/Q38806169,Rochester Lady Lancers,http://www.wikidata.org/entity/Q1765909,Marina Auto Stadium,Point(-77.629352777 43.162213888),United States of America
http://www.wikidata.org/entity/Q38806317,California United FC,http://www.wikidata.org/entity/Q6587494,Titan Stadium,Point(-117.887 33.8866),United States of America
http://www.wikidata.org/entity/Q38806632,Birmingham Legion FC,http://www.wikidata.org/entity/Q55263950,PNC Field,Point(-86.8125946 33.4980615),United States of America
http://www.wikidata.org/entity/Q4750876,Anaheim Bolts,http://www.wikidata.org/entity/Q4750878,Anaheim Convention Center,Point(-117.92 33.8025),United States of America
http://www.wikidata.org/entity/Q4750894,Anaheim Splash,http://www.wikidata.org/entity/Q774138,Honda Center,Point(-117.876666666 33.807777777),United States of America
http://www.wikidata.org/entity/Q4791390,Arizona Sandsharks,http://www.wikidata.org/entity/Q1538690,Footprint Center,Point(-112.071388888 33.445833333),United States of America
http://www.wikidata.org/entity/Q4791454,Arizona Thunder,http://www.wikidata.org/entity/Q670890,Arizona Veterans Memorial Coliseum,Point(-112.096667 33.469444),United States of America
http://www.wikidata.org/entity/Q16968392,Red Force FC,http://www.wikidata.org/entity/Q3540624,Tropical Park Stadium,Point(-80.323036 25.730064),United States of America
http://www.wikidata.org/entity/Q15214308,Orlando City SC,http://www.wikidata.org/entity/Q16846942,Exploria Stadium,Point(-81.389035 28.5410645),United States of America
http://www.wikidata.org/entity/Q16852072,Temecula FC,http://www.wikidata.org/entity/Q5072936,Chaparral High School,Point(-117.147 33.5383),United States of America
http://www.wikidata.org/entity/Q16858470,FC Tulsa,http://www.wikidata.org/entity/Q7072747,Oneok Field,Point(-95.988056 36.159722),United States of America
http://www.wikidata.org/entity/Q4921759,Black Roses,http://www.wikidata.org/entity/Q7923614,Veterans Field,Point(-99.5093 27.5197),United States of America
http://www.wikidata.org/entity/Q9212333,Atlanta Blackhawks,http://www.wikidata.org/entity/Q4735271,Alpharetta High School,Point(-84.256 34.078),United States of America
http://www.wikidata.org/entity/Q20647572,Kraze United,http://www.wikidata.org/entity/Q7863952,UCF Soccer and Track Stadium,Point(-81.1952 28.60765),United States of America
http://www.wikidata.org/entity/Q20720736,Rio Grande Valley FC Toros,http://www.wikidata.org/entity/Q22096149,RGVFC Stadium,Point(-98.1352 26.2826),United States of America
http://www.wikidata.org/entity/Q71329485,Stumptown Athletic,http://www.wikidata.org/entity/Q6791495,Sportsplex at Matthews,Point(-80.6992 35.1106),United States of America
http://www.wikidata.org/entity/Q74122812,Maryland Bobcats FC,http://www.wikidata.org/entity/Q5302957,Maryland SoccerPlex,Point(-77.3101 39.1527),United States of America
http://www.wikidata.org/entity/Q78944434,Charlotte FC,http://www.wikidata.org/entity/Q806673,Bank of America Stadium,Point(-80.852777777 35.225833333),United States of America
http://www.wikidata.org/entity/Q19984972,Miami FC,http://www.wikidata.org/entity/Q1388701,Riccardo Silva Stadium,Point(-80.377778 25.7525),United States of America
http://www.wikidata.org/entity/Q20020541,Chula Vista FC,http://www.wikidata.org/entity/Q5330711,Eastlake High School,Point(-116.968 32.6406),United States of America
http://www.wikidata.org/entity/Q36404703,Fresno FC,http://www.wikidata.org/entity/Q2967628,Chukchansi Park,Point(-119.7905 36.7321),United States of America
http://www.wikidata.org/entity/Q109278415,Vermont Green FC,http://www.wikidata.org/entity/Q108907111,Virtue Field,Point(-73.1944 44.4681),United States of America
http://www.wikidata.org/entity/Q16850739,St. Louis Ambush,http://www.wikidata.org/entity/Q5433049,Family Arena,Point(-90.5094 38.7478),United States of America
http://www.wikidata.org/entity/Q16850747,Saint Louis FC,http://www.wikidata.org/entity/Q370446,World Wide Technology Soccer Park,Point(-90.438611 38.546667),United States of America
http://www.wikidata.org/entity/Q54958719,San Diego Sockers 2,http://www.wikidata.org/entity/Q3106621,Pechanga Arena,Point(-117.212222 32.755278),United States of America
http://www.wikidata.org/entity/Q55075003,New Mexico United,http://www.wikidata.org/entity/Q3155623,Isotopes Park,Point(-106.629166666 35.069722222),United States of America
http://www.wikidata.org/entity/Q18380286,Los Angeles FC,http://www.wikidata.org/entity/Q22096111,BMO Stadium,Point(-118.285 34.013),United States of America
http://www.wikidata.org/entity/Q28231611,Shreveport Rafters FC,http://www.wikidata.org/entity/Q3150014,Independence Stadium,Point(-93.791944444 32.475555555),United States of America
http://www.wikidata.org/entity/Q16849066,RVA FC,http://www.wikidata.org/entity/Q7579690,Sports Backers Stadium,Point(-77.4624 37.5699),United States of America
http://www.wikidata.org/entity/Q16953034,Tan Holdings FC,http://www.wikidata.org/entity/Q30589482,Ada Gym,Point(145.70893 15.163395),United States of America
http://www.wikidata.org/entity/Q104586092,Charlotte Independence Soccer Club,http://www.wikidata.org/entity/Q21016038,Manchester Meadows Soccer Complex,Point(-80.98363 34.94432),United States of America
http://www.wikidata.org/entity/Q107324446,San Diego Wave FC,http://www.wikidata.org/entity/Q7825672,Torero Stadium,Point(-117.1837 32.7731),United States of America
http://www.wikidata.org/entity/Q107324446,San Diego Wave FC,http://www.wikidata.org/entity/Q100272042,Snapdragon Stadium,Point(-117.122833333 32.784444444),United States of America
http://www.wikidata.org/entity/Q28404005,Toledo United FC,http://www.wikidata.org/entity/Q7580982,Springfield Local High School,Point(-83.7047 41.6164),United States of America
http://www.wikidata.org/entity/Q28405769,Asheville City SC,http://www.wikidata.org/entity/Q6815508,"Memorial Stadium, Asheville",Point(-82.5479 35.5866),United States of America
http://www.wikidata.org/entity/Q28449799,Duluth FC,http://www.wikidata.org/entity/Q5256906,Denfeld High School,Point(-92.158524 46.748552),United States of America
http://www.wikidata.org/entity/Q28450032,Tobacco Road FC,http://www.wikidata.org/entity/Q5316498,Durham County Stadium,Point(-78.903165 36.035427),United States of America
http://www.wikidata.org/entity/Q16959705,Utah Blitzz,http://www.wikidata.org/entity/Q922761,Rice–Eccles Stadium,Point(-111.848888888 40.76),United States of America
http://www.wikidata.org/entity/Q16959710,Utah Freezz,http://www.wikidata.org/entity/Q1911946,Maverik Center,Point(-111.950417 40.702722),United States of America
http://www.wikidata.org/entity/Q47005781,Utah Royals FC,http://www.wikidata.org/entity/Q1514798,America First Field,Point(-111.893 40.5829),United States of America
http://www.wikidata.org/entity/Q47518754,Nashville SC,http://www.wikidata.org/entity/Q1142992,Nissan Stadium,Point(-86.771388888 36.166388888),United States of America
http://www.wikidata.org/entity/Q47518754,Nashville SC,http://www.wikidata.org/entity/Q47528203,Geodis Park,Point(-86.7676932 36.1309612),United States of America
http://www.wikidata.org/entity/Q27963381,CT United FC,http://www.wikidata.org/entity/Q1115773,Veterans Stadium,Point(-72.7727 41.6484),United States of America
http://www.wikidata.org/entity/Q7440277,Seacoast United Mariners,http://www.wikidata.org/entity/Q5455675,Fitzpatrick Stadium,Point(-70.2767 43.6579),United States of America
http://www.wikidata.org/entity/Q7440278,Seacoast United Phantoms,http://www.wikidata.org/entity/Q7232470,Portsmouth High School,Point(-70.7658 43.0592),United States of America
http://www.wikidata.org/entity/Q7442166,Seattle SeaDogs,http://www.wikidata.org/entity/Q977529,Climate Pledge Arena,Point(-122.354166666 47.622222222),United States of America
http://www.wikidata.org/entity/Q7442166,Seattle SeaDogs,http://www.wikidata.org/entity/Q6818257,Mercer Arena,Point(-122.349 47.6239),United States of America
http://www.wikidata.org/entity/Q7442175,Seattle Sounders FC Academy,http://www.wikidata.org/entity/Q7601833,Starfire Sports,Point(-122.248 47.4698),United States of America
http://www.wikidata.org/entity/Q20855983,FC Cincinnati,http://www.wikidata.org/entity/Q54465634,TQL Stadium,Point(-84.522222222 39.111388888),United States of America
http://www.wikidata.org/entity/Q5547696,Georgia Revolution,http://www.wikidata.org/entity/Q5719873,Henry County High School,Point(-84.13351 33.44919),United States of America
http://www.wikidata.org/entity/Q5560193,Gigantes de Carolina FC,http://www.wikidata.org/entity/Q7351649,Roberto Clemente Stadium,Point(-65.949167 18.376667),United States of America
http://www.wikidata.org/entity/Q5600458,Greater Binghamton FC,http://www.wikidata.org/entity/Q5600461,Greater Binghamton Sports Complex,Point(-75.94153 42.15743),United States of America
http://www.wikidata.org/entity/Q5604702,Greenville Lions,http://www.wikidata.org/entity/Q7530615,Sirrine Stadium,Point(-82.3976 34.8382),United States of America
http://www.wikidata.org/entity/Q5607336,Gremio Lusitano,http://www.wikidata.org/entity/Q14715683,Lusitano Stadium,Point(-72.4699 42.1579),United States of America
http://www.wikidata.org/entity/Q19577553,Philadelphia Fury,http://www.wikidata.org/entity/Q1545870,Veterans Stadium,Point(-75.171111111 39.906666666),United States of America
http://www.wikidata.org/entity/Q19757454,San Francisco City FC,http://www.wikidata.org/entity/Q6987402,Negoesco Stadium,Point(-122.454 37.7765),United States of America
http://www.wikidata.org/entity/Q19828435,Minnesota United FC,http://www.wikidata.org/entity/Q22096631,Allianz Field,Point(-93.1651 44.9528),United States of America
http://www.wikidata.org/entity/Q5744552,Hershey Wildcats,http://www.wikidata.org/entity/Q9283783,Hersheypark Stadium,Point(-76.6581 40.2901),United States of America
http://www.wikidata.org/entity/Q5750746,Hibernian Saints,http://www.wikidata.org/entity/Q7601833,Starfire Sports,Point(-122.248 47.4698),United States of America
http://www.wikidata.org/entity/Q6727861,Madison 56ers,http://www.wikidata.org/entity/Q4960325,Breese Stevens Field,Point(-89.3731 43.0831),United States of America
http://www.wikidata.org/entity/Q27989240,Tyler FC,http://www.wikidata.org/entity/Q18379118,Brook Hill School,Point(-95.3301 32.1493),United States of America
http://www.wikidata.org/entity/Q28056620,Boca Raton FC,http://www.wikidata.org/entity/Q4816402,Atlantic Community High School,Point(-80.0989 26.4589),United States of America
http://www.wikidata.org/entity/Q28129693,El Paso Coyotes,http://www.wikidata.org/entity/Q5351766,El Paso County Coliseum,Point(-106.443056 31.766389),United States of America
http://www.wikidata.org/entity/Q28129762,Nashville SC U23,http://www.wikidata.org/entity/Q3554494,FirstBank Stadium,Point(-86.808888888 36.144166666),United States of America
http://www.wikidata.org/entity/Q59313306,FC Cincinnati,http://www.wikidata.org/entity/Q3342107,Nippert Stadium,Point(-84.516111111 39.131111111),United States of America
http://www.wikidata.org/entity/Q60643348,Austin FC,http://www.wikidata.org/entity/Q56278477,Q2 Stadium,Point(-97.719837 30.388206),United States of America
http://www.wikidata.org/entity/Q6784389,Massachusetts Twisters,http://www.wikidata.org/entity/Q7717607,The Big E Coliseum,Point(-72.6165 42.0913),United States of America
http://www.wikidata.org/entity/Q6868596,Minnesota Twin Stars,http://www.wikidata.org/entity/Q6868762,Minnetonka High School,Point(-93.511296 44.909091),United States of America
http://www.wikidata.org/entity/Q6905293,Monterey Blues,http://www.wikidata.org/entity/Q6905338,Monterey Peninsula College,Point(-121.884 36.5922),United States of America
http://www.wikidata.org/entity/Q20088594,Puerto Rico FC,http://www.wikidata.org/entity/Q1171030,Juan Ramón Loubriel Stadium,Point(-66.150833 18.393333),United States of America
http://www.wikidata.org/entity/Q65118818,Daytona SC,http://www.wikidata.org/entity/Q6936280,Municipal Stadium,Point(-81.1175 29.173056),United States of America
http://www.wikidata.org/entity/Q65118858,Manhattan SC,http://www.wikidata.org/entity/Q5516613,Gaelic Park,Point(-73.901389 40.8875),United States of America
http://www.wikidata.org/entity/Q18712144,Burlingame Dragons FC,http://www.wikidata.org/entity/Q4999175,Burlingame High School,Point(-122.347 37.5826),United States of America
http://www.wikidata.org/entity/Q18712231,FC Miami City,http://www.wikidata.org/entity/Q3540624,Tropical Park Stadium,Point(-80.323036 25.730064),United States of America
http://www.wikidata.org/entity/Q6948600,Myrtle Beach FC,http://www.wikidata.org/entity/Q5300896,Doug Shaw Memorial Stadium,Point(-78.8665 33.7154),United States of America
http://www.wikidata.org/entity/Q7009458,New Jersey Stallions,http://www.wikidata.org/entity/Q5244032,DePaul Catholic High School,Point(-74.2439 40.9578),United States of America
http://www.wikidata.org/entity/Q17512856,New Jersey Gladiators SC,http://www.wikidata.org/entity/Q14705841,Pascack Valley High School,Point(-74.0287 41.0083),United States of America
http://www.wikidata.org/entity/Q7301049,Real San Jose,http://www.wikidata.org/entity/Q7118141,PAL Stadium,Point(-121.848 37.3435),United States of America
http://www.wikidata.org/entity/Q16840183,Greater Lowell United FC,http://www.wikidata.org/entity/Q2076882,Cawley Memorial Stadium,Point(-71.2767 42.6334),United States of America
http://www.wikidata.org/entity/Q54958152,Cleveland SC,http://www.wikidata.org/entity/Q24976522,Don Shula Stadium,Point(-81.88166667 41.8175),United States of America
http://www.wikidata.org/entity/Q55075322,Virginia Beach City FC,http://www.wikidata.org/entity/Q7934143,Virginia Beach Sportsplex,Point(-76.0935 36.7687),United States of America
http://www.wikidata.org/entity/Q55315801,Inocentes FC,http://www.wikidata.org/entity/Q7227027,Polytechnic High School,Point(-97.28791 32.73161),United States of America
http://www.wikidata.org/entity/Q55603517,MatSu United FC,http://www.wikidata.org/entity/Q7128235,Palmer High School,Point(-149.138 61.6054),United States of America
http://www.wikidata.org/entity/Q55613461,Hartford Athletic,http://www.wikidata.org/entity/Q5276946,Trinity Health Stadium,Point(-72.661061 41.753783),United States of America
http://www.wikidata.org/entity/Q56063633,Loudoun United FC,http://www.wikidata.org/entity/Q5203387,Audi Field,Point(-77.012935 38.868504),United States of America
http://www.wikidata.org/entity/Q60745055,Forward Madison FC,http://www.wikidata.org/entity/Q4960325,Breese Stevens Field,Point(-89.3731 43.0831),United States of America
http://www.wikidata.org/entity/Q65049617,San Diego Loyal SC,http://www.wikidata.org/entity/Q7825672,Torero Stadium,Point(-117.1837 32.7731),United States of America
http://www.wikidata.org/entity/Q28864555,Brazos Valley Cavalry F.C.,http://www.wikidata.org/entity/Q4744453,Travis Field,Point(-96.3696 30.6452),United States of America
http://www.wikidata.org/entity/Q30115757,Oklahoma City FC,http://www.wikidata.org/entity/Q3443498,Oklahoma City University,Point(-97.541388888 35.494722222),United States of America
http://www.wikidata.org/entity/Q7902399,Utah Salt Ratz,http://www.wikidata.org/entity/Q922761,Rice–Eccles Stadium,Point(-111.848888888 40.76),United States of America
http://www.wikidata.org/entity/Q30115779,Paire FC,http://www.wikidata.org/entity/Q1356082,Oleai Sports Complex,Point(145.70974722 15.163775),United States of America
http://www.wikidata.org/entity/Q16836317,Atlanta United FC,http://www.wikidata.org/entity/Q7007552,Mercedes-Benz Stadium,Point(-84.400833333 33.755277777),United States of America
http://www.wikidata.org/entity/Q56417028,Persikasi Bekasi,http://www.wikidata.org/entity/Q7148029,Patriot Stadium,Point(-106.385 31.7715),United States of America
http://www.wikidata.org/entity/Q57082230,Chattanooga Red Wolves SC,http://www.wikidata.org/entity/Q5087870,Chattanooga Christian School,Point(-85.322 35.014),United States of America
http://www.wikidata.org/entity/Q57754414,Lansing Ignite FC,http://www.wikidata.org/entity/Q5167437,Jackson Field,Point(-84.545278 42.734722),United States of America
http://www.wikidata.org/entity/Q58236450,Memphis 901 FC,http://www.wikidata.org/entity/Q2872483,AutoZone Park,Point(-90.049166666 35.143055555),United States of America
http://www.wikidata.org/entity/Q17182219,Louisville City FC,http://www.wikidata.org/entity/Q73513074,Lynn Family Stadium,Point(-85.7332636 38.2595903),United States of America
http://www.wikidata.org/entity/Q65966164,Oakland Roots SC,http://www.wikidata.org/entity/Q104586367,Laney College Football Stadium,Point(-122.2587 37.7945),United States of America
http://www.wikidata.org/entity/Q66642491,St. Louis City SC,http://www.wikidata.org/entity/Q30591730,Citypark,Point(-90.210921 38.631052),United States of America
http://www.wikidata.org/entity/Q21071146,Reno 1868 FC,http://www.wikidata.org/entity/Q2822959,Greater Nevada Field,Point(-119.808633 39.528131),United States of America
http://www.wikidata.org/entity/Q54871337,El Paso Locomotive FC,http://www.wikidata.org/entity/Q15711510,New El Paso Ballpark,Point(-106.493 31.759),United States of America
http://www.wikidata.org/entity/Q7338464,Riverside County Elite,http://www.wikidata.org/entity/Q7986764,West Valley High School,Point(-116.964 33.7508),United States of America
http://www.wikidata.org/entity/Q16201272,Chicago Spurs,http://www.wikidata.org/entity/Q1132413,Soldier Field,Point(-87.616666666 41.8625),United States of America
http://www.wikidata.org/entity/Q48817555,USL Chicago,http://www.wikidata.org/entity/Q55886178,Lincoln Yards Stadium,Point(-87.661055 41.914833),United States of America
http://www.wikidata.org/entity/Q22021710,AFC Lancaster Lions,http://www.wikidata.org/entity/Q5382372,Ephrata High School,Point(-76.191 40.18),United States of America
http://www.wikidata.org/entity/Q22023056,Kingston Stockade Football Club,http://www.wikidata.org/entity/Q5275214,Dietz Stadium,Point(-74.02758611 41.9346),United States of America
http://www.wikidata.org/entity/Q22023327,Motagua New Orleans,http://www.wikidata.org/entity/Q7129615,Pan American Stadium,Point(-90.0879 29.9944),United States of America
http://www.wikidata.org/entity/Q22025437,San Antonio FC,http://www.wikidata.org/entity/Q7830784,Toyota Field,Point(-98.394617 29.538908),United States of America
http://www.wikidata.org/entity/Q22025707,Tormenta FC,http://www.wikidata.org/entity/Q5325084,Eagle Field,Point(-81.7796 32.4098),United States of America
http://www.wikidata.org/entity/Q22088455,Utulei Youth,http://www.wikidata.org/entity/Q1637931,Veterans Memorial Stadium,Point(-170.722222 -14.333611),United States of America
http://www.wikidata.org/entity/Q16274982,Bay Area Breeze,http://www.wikidata.org/entity/Q7196797,Pioneer Stadium,Point(-122.061 37.6573),United States of America
http://www.wikidata.org/entity/Q7389530,SD United,http://www.wikidata.org/entity/Q7825672,Torero Stadium,Point(-117.1837 32.7731),United States of America
http://www.wikidata.org/entity/Q7395221,SW Florida Adrenaline,http://www.wikidata.org/entity/Q5401027,Estero High School,Point(-81.7972 26.4214),United States of America
http://www.wikidata.org/entity/Q7413720,San Diego Sockers,http://www.wikidata.org/entity/Q3106621,Pechanga Arena,Point(-117.212222 32.755278),United States of America
http://www.wikidata.org/entity/Q7413755,San Diego United,http://www.wikidata.org/entity/Q7825672,Torero Stadium,Point(-117.1837 32.7731),United States of America
http://www.wikidata.org/entity/Q7414045,San Francisco Glens,http://www.wikidata.org/entity/Q4951677,Boxer Stadium,Point(-122.445 37.7258),United States of America
http://www.wikidata.org/entity/Q7414077,San Francisco Nighthawks,http://www.wikidata.org/entity/Q4263361,Kezar Stadium,Point(-122.456111111 37.766944444),United States of America
http://www.wikidata.org/entity/Q7419176,Santa Ana Winds FC,http://www.wikidata.org/entity/Q21593094,Santa Ana Stadium,Point(-117.8775 33.7506),United States of America
http://www.wikidata.org/entity/Q2577693,Philadelphia Spartans,http://www.wikidata.org/entity/Q7698669,Temple Stadium,Point(-75.1661 40.076),United States of America
http://www.wikidata.org/entity/Q16837155,Buxmont Torch FC,http://www.wikidata.org/entity/Q5112229,Christopher Dock Mennonite High School,Point(-75.3358 40.2547),United States of America
http://www.wikidata.org/entity/Q16837256,Cape Coral Hurricanes,http://www.wikidata.org/entity/Q5034732,Cape Coral High School,Point(-81.9754 26.6084),United States of America
http://www.wikidata.org/entity/Q5092861,Chesapeake Dragons,http://www.wikidata.org/entity/Q5302957,Maryland SoccerPlex,Point(-77.3101 39.1527),United States of America
http://www.wikidata.org/entity/Q5093831,Chesterfield United FC,http://www.wikidata.org/entity/Q8021099,Williams Stadium,Point(-79.175 37.354),United States of America
http://www.wikidata.org/entity/Q5095605,Chicago Fire NPSL,http://www.wikidata.org/entity/Q999781,SeatGeek Stadium,Point(-87.806111111 41.764722222),United States of America
http://www.wikidata.org/entity/Q5095715,Chicago Mustangs,http://www.wikidata.org/entity/Q654100,Now Arena,Point(-88.209456 42.071694),United States of America
http://www.wikidata.org/entity/Q5095750,Chicago Power,http://www.wikidata.org/entity/Q3547208,Credit Union 1 Arena,Point(-87.6561 41.8747),United States of America
http://www.wikidata.org/entity/Q5095768,Chicago Riot,http://www.wikidata.org/entity/Q7077761,Odeum Expo Center,Point(-87.9704 41.9137),United States of America
http://www.wikidata.org/entity/Q5095784,Chicago Soul FC,http://www.wikidata.org/entity/Q654100,Now Arena,Point(-88.209456 42.071694),United States of America
http://www.wikidata.org/entity/Q5096448,Chico Rooks,http://www.wikidata.org/entity/Q7894932,"University Soccer Stadium, Chico",Point(-121.853889 39.732222),United States of America
http://www.wikidata.org/entity/Q16839050,FC Force,http://www.wikidata.org/entity/Q5061940,Central Union High School,Point(-115.564 32.79),United States of America
http://www.wikidata.org/entity/Q4671088,Academia Quintana,http://www.wikidata.org/entity/Q1369267,Hiram Bithorn Stadium,Point(-66.073055555 18.416666666),United States of America
http://www.wikidata.org/entity/Q24185149,SoCal Surf,http://www.wikidata.org/entity/Q4794281,Army and Navy Academy,Point(-117.355 33.1622),United States of America
http://www.wikidata.org/entity/Q7355256,Rockford Rampage,http://www.wikidata.org/entity/Q7927547,Victory Sports Complex,Point(-89.0273 42.3247),United States of America
http://www.wikidata.org/entity/Q7525495,Sioux Falls Spitfire,http://www.wikidata.org/entity/Q7071796,O'Gorman Catholic High School,Point(-96.763055555 43.517222222),United States of America
http://www.wikidata.org/entity/Q25423018,EPAC United,http://www.wikidata.org/entity/Q7516362,Silver Stadium,Point(-77.61099 43.18755),United States of America
http://www.wikidata.org/entity/Q25423018,EPAC United,http://www.wikidata.org/entity/Q7516362,Silver Stadium,Point(-77.61083 43.1875),United States of America
http://www.wikidata.org/entity/Q16837600,Colorado Springs Switchbacks FC,http://www.wikidata.org/entity/Q18157770,Switchbacks Training Stadium,Point(-104.711 38.8958),United States of America
http://www.wikidata.org/entity/Q3339055,New York Fury,http://www.wikidata.org/entity/Q2081139,James M. Shuart Stadium,Point(-73.596389 40.715833),United States of America
http://www.wikidata.org/entity/Q2627193,Rochester Lancers,http://www.wikidata.org/entity/Q5881204,Holleder Memorial Stadium,Point(-77.6575 43.19201),United States of America
http://www.wikidata.org/entity/Q2627193,Rochester Lancers,http://www.wikidata.org/entity/Q5881204,Holleder Memorial Stadium,Point(-77.657 43.193),United States of America
http://www.wikidata.org/entity/Q3211370,Fredericksburg Gunners,http://www.wikidata.org/entity/Q5499193,Fredericksburg Academy,Point(-77.4936 38.2541),United States of America
http://www.wikidata.org/entity/Q22972367,San Diego Zest FC,http://www.wikidata.org/entity/Q7276790,RIMAC Arena,Point(-117.239 32.8853),United States of America
http://www.wikidata.org/entity/Q23016616,Albion SC San Diego,http://www.wikidata.org/entity/Q6878526,Mission Bay Senior High School,Point(-117.223 32.8),United States of America
http://www.wikidata.org/entity/Q23660730,San Francisco Deltas,http://www.wikidata.org/entity/Q4263361,Kezar Stadium,Point(-122.456111111 37.766944444),United States of America
http://www.wikidata.org/entity/Q7396992,Sacramento Knights,http://www.wikidata.org/entity/Q5464860,Folsom High School,Point(-121.156 38.6491),United States of America
http://www.wikidata.org/entity/Q7397036,Sacramento Republic FC,http://www.wikidata.org/entity/Q17182433,Heart Health Park,Point(-121.438 38.5911),United States of America
http://www.wikidata.org/entity/Q7404667,Salinas Valley Samba,http://www.wikidata.org/entity/Q7974897,Watsonville High School,Point(-121.752 36.9133),United States of America
http://www.wikidata.org/entity/Q7405894,Salt Lake Sting,http://www.wikidata.org/entity/Q5262650,Derks Field,Point(-111.892778 40.740556),United States of America
http://www.wikidata.org/entity/Q7405894,Salt Lake Sting,http://www.wikidata.org/entity/Q5262650,Derks Field,Point(-111.89271 40.74078),United States of America
http://www.wikidata.org/entity/Q7413600,San Diego Boca F.C.,http://www.wikidata.org/entity/Q4850213,Balboa Stadium,Point(-117.150555555 32.720833333),United States of America
http://www.wikidata.org/entity/Q7413675,San Diego Gauchos,http://www.wikidata.org/entity/Q7825672,Torero Stadium,Point(-117.1837 32.7731),United States of America
http://www.wikidata.org/entity/Q7413708,San Diego Pumitas,http://www.wikidata.org/entity/Q4850213,Balboa Stadium,Point(-117.150555555 32.720833333),United States of America
http://www.wikidata.org/entity/Q7569782,Southern Colorado Stars,http://www.wikidata.org/entity/Q16920518,Colorado Sports Center,Point(-104.86148 39.06764),United States of America
http://www.wikidata.org/entity/Q7570235,Southern Oregon Fuego,http://www.wikidata.org/entity/Q7875863,US Cellular Community Park,Point(-122.847 42.3032),United States of America
http://www.wikidata.org/entity/Q7570628,Southern West Virginia King's Warriors,http://www.wikidata.org/entity/Q17151176,East River Soccer Complex,Point(-81.129444444 37.285277777),United States of America
http://www.wikidata.org/entity/Q5120230,Cincinnati Cheetahs,http://www.wikidata.org/entity/Q86045065,RDI Stadium,Point(-84.506111111 39.210277777),United States of America
http://www.wikidata.org/entity/Q5120238,Cincinnati Comets,http://www.wikidata.org/entity/Q3342107,Nippert Stadium,Point(-84.516111111 39.131111111),United States of America
http://www.wikidata.org/entity/Q3358653,Kalamazoo Outrage,http://www.wikidata.org/entity/Q6694418,Loy Norrix High School,Point(-85.5721 42.2435),United States of America
http://www.wikidata.org/entity/Q3361412,Pali Blues,http://www.wikidata.org/entity/Q7127596,Palisades Charter High School,Point(-118.530918 34.04772),United States of America
http://www.wikidata.org/entity/Q5086392,Charm City FC,http://www.wikidata.org/entity/Q4802235,Arundel High School,Point(-76.6804 39.0743),United States of America
http://www.wikidata.org/entity/Q5087878,Chattanooga FC,http://www.wikidata.org/entity/Q5450585,Finley Stadium,Point(-85.315762 35.036374),United States of America
http://www.wikidata.org/entity/Q5018141,Cal FC,http://www.wikidata.org/entity/Q4693652,Agoura High School,Point(-118.749 34.1504),United States of America
http://www.wikidata.org/entity/Q24185298,Nashville SC,http://www.wikidata.org/entity/Q15262085,First Horizon Park,Point(-86.784722222 36.172777777),United States of America
http://www.wikidata.org/entity/Q5601725,Greek-American A.C.,http://www.wikidata.org/entity/Q4951677,Boxer Stadium,Point(-122.445 37.7258),United States of America
http://www.wikidata.org/entity/Q16838299,Detroit Express,http://www.wikidata.org/entity/Q211662,Pontiac Silverdome,Point(-83.255 42.645833333),United States of America
http://www.wikidata.org/entity/Q7578851,Spokane Black Widows,http://www.wikidata.org/entity/Q6208317,Joe Albi Stadium,Point(-117.483 47.705),United States of America
http://www.wikidata.org/entity/Q7578881,Spokane Spiders,http://www.wikidata.org/entity/Q6208317,Joe Albi Stadium,Point(-117.483 47.705),United States of America
http://www.wikidata.org/entity/Q7604006,Staten Island Vipers,http://www.wikidata.org/entity/Q7828472,Tottenville High School,Point(-74.1925 40.5278),United States of America
http://www.wikidata.org/entity/Q5020367,California Cougars,http://www.wikidata.org/entity/Q1142830,Stockton Arena,Point(-121.296 37.9561),United States of America
http://www.wikidata.org/entity/Q7562175,Sonoma County Sol,http://www.wikidata.org/entity/Q5047828,Casa Grande High School,Point(-122.599 38.2428),United States of America
http://www.wikidata.org/entity/Q5677543,New Vibes,http://www.wikidata.org/entity/Q1354838,Lionel Roberts Park,Point(-64.92754444 18.34462778),United States of America
http://www.wikidata.org/entity/Q24909213,Florida Tropics SC,http://www.wikidata.org/entity/Q6478771,RP Funding Center,Point(-81.963619 28.041053),United States of America
http://www.wikidata.org/entity/Q24941100,Boston Bolts,http://www.wikidata.org/entity/Q339850,Foxboro Stadium,Point(-71.267441666 42.0927),United States of America
http://www.wikidata.org/entity/Q25006315,Charlottesville Alliance FC,http://www.wikidata.org/entity/Q5086243,Charlottesville High School,Point(-78.4762 38.0524),United States of America
http://www.wikidata.org/entity/Q5047612,North Carolina FC U23,http://www.wikidata.org/entity/Q2540855,WakeMed Soccer Park,Point(-78.7551 35.7862),United States of America
http://www.wikidata.org/entity/Q5047638,Cary Lady Clarets,http://www.wikidata.org/entity/Q2540855,WakeMed Soccer Park,Point(-78.7551 35.7862),United States of America
http://www.wikidata.org/entity/Q5048173,Cascade Surge,http://www.wikidata.org/entity/Q6800763,McCulloch Stadium,Point(-123.038 44.9298),United States of America
